[{
			"createDate" : "2014-11-28 15:50:56.995 CST",
			"updateDate" : "2014-11-28 15:50:56.995 CST",
			"id" : "",
			"name" : "导航一",
			"resourceName" : "",
			"url" : "",
			"parentId" : -1,
			"sequence" : 1,
			"children" : [{
						"createDate" : "2014-11-28 15:50:57.13 CST",
						"updateDate" : "2014-11-28 15:50:57.13 CST",
						"id" : "left.menu",
						"name" : "基础分析",
						"resourceName" : "",
						"url" : "docs/stemplate/index/index.html",
						"parentId" : 282,
						"sequence" : 1,
						"level" : 2,
						"project" : "",
						"iconClass" : "",
						"infoUrl" : "",
						"type" : "",
						"position" : ""
					}, {
						"createDate" : "2014-11-28 15:50:57.13 CST",
						"updateDate" : "2014-11-28 15:50:57.13 CST",
						"id" : 284,
						"name" : "多维分析",
						"resourceName" : "",
						"url" : "/menus?new",
						"parentId" : 282,
						"sequence" : 1,
						"level" : 2,
						"project" : "",
						"iconClass" : "",
						"infoUrl" : "",
						"type" : "",
						"position" : ""
					}, {
						"createDate" : "2014-11-28 15:50:57.13 CST",
						"updateDate" : "2014-11-28 15:50:57.13 CST",
						"id" : 284,
						"name" : "专题分析",
						"resourceName" : "",
						"url" : "/menus?new",
						"parentId" : 282,
						"sequence" : 1,
						"level" : 2,
						"project" : "",
						"iconClass" : "",
						"infoUrl" : "",
						"type" : "",
						"position" : ""
					}],
			"sonMenuNum" : 3,
			"level" : 1,
			"project" : "",
			"iconClass" : "",
			"infoUrl" : "",
			"type" : "",
			"position" : ""
		}, {
			"createDate" : "2014-11-28 15:50:56.995 CST",
			"updateDate" : "2014-11-28 15:50:56.995 CST",
			"id" : "left.menu.empty",
			"name" : "导航二",
			"resourceName" : "",
			"url" : "http://www.w3cschool.cc/bootstrap/bootstrap-tutorial.html",
			"parentId" : -1,
			"sequence" : 1,
			"children" : [],
			"sonMenuNum" : 0,
			"level" : 1,
			"project" : "",
			"iconClass" : "",
			"infoUrl" : "",
			"type" : "",
			"position" : ""
		}, {
			"createDate" : "2014-11-28 15:50:56.995 CST",
			"updateDate" : "2014-11-28 15:50:56.995 CST",
			"id" : "left.menu.onelevel",
			"name" : "导航三",
			"resourceName" : "",
			"url" : "",
			"parentId" : -1,
			"sequence" : 1,
			"children" : [],
			"sonMenuNum" : 0,
			"level" : 1,
			"project" : "",
			"iconClass" : "",
			"infoUrl" : "",
			"type" : "",
			"position" : ""
		}, {
			"createDate" : "2014-11-28 15:50:56.995 CST",
			"updateDate" : "2014-11-28 15:50:56.995 CST",
			"id" : "left.menu.onelevellow",
			"name" : "导航四",
			"resourceName" : "",
			"url" : "",
			"parentId" : -1,
			"sequence" : 1,
			"children" : [],
			"sonMenuNum" : 0,
			"level" : 1,
			"project" : "",
			"iconClass" : "",
			"infoUrl" : "",
			"type" : "",
			"position" : ""
		}, {
			"createDate" : "2014-11-28 15:50:56.995 CST",
			"updateDate" : "2014-11-28 15:50:56.995 CST",
			"id" : "left.menu.twolowlevel",
			"name" : "导航五",
			"resourceName" : "",
			"url" : "",
			"parentId" : -1,
			"sequence" : 1,
			"children" : [],
			"sonMenuNum" : 0,
			"level" : 1,
			"project" : "",
			"iconClass" : "",
			"infoUrl" : "",
			"type" : "",
			"position" : ""
		}, {
			"createDate" : "2014-11-28 15:50:56.995 CST",
			"updateDate" : "2014-11-28 15:50:56.995 CST",
			"id" : "left.menu.twolowlevel",
			"name" : "导航六",
			"resourceName" : "",
			"url" : "",
			"parentId" : -1,
			"sequence" : 1,
			"children" : [],
			"sonMenuNum" : 0,
			"level" : 1,
			"project" : "",
			"iconClass" : "",
			"infoUrl" : "",
			"type" : "",
			"position" : ""
		}
		, {
			"createDate" : "2014-11-28 15:50:56.995 CST",
			"updateDate" : "2014-11-28 15:50:56.995 CST",
			"id" : "left.menu.twolowlevel",
			"name" : "导航七",
			"resourceName" : "",
			"url" : "",
			"parentId" : -1,
			"sequence" : 1,
			"children" : [],
			"sonMenuNum" : 0,
			"level" : 1,
			"project" : "",
			"iconClass" : "",
			"infoUrl" : "",
			"type" : "",
			"position" : ""
		}]