[
	{
		"createDate" : "2014-11-28 15:50:56.995 CST",
		"updateDate" : "2014-11-28 15:50:56.995 CST",
		"id" : 282,
		"name" : "JS插件",
		"resourceName" : "",
		"url" : "",
		"parentId" : -1,
		"sequence" : 1,
		"children" : [{
					"createDate" : "2014-11-28 15:50:57.13 CST",
					"updateDate" : "2014-11-28 15:50:57.13 CST",
					"id" : 284,
					"name" : "Input插件",
					"resourceName" : "",
					"url" : "docs/stemplate/index/input.html",
					"parentId" : 282,
					"sequence" : 1,
					"level" : 2,
					"project" : "",
					"iconClass": "",
					"infoUrl": "",
					"type": "",
					"position": ""
				},{
					"createDate" : "2014-11-28 15:50:57.13 CST",
					"updateDate" : "2014-11-28 15:50:57.13 CST",
					"id" : 284,
					"name" : "botton插件",
					"resourceName" : "",
					"url" : "docs/stemplate/index/botton.html",
					"parentId" : 282,
					"sequence" : 1,
					"level" : 2,
					"project" : "",
					"iconClass": "",
					"infoUrl": "",
					"type": "",
					"position": ""
				},{
					"createDate" : "2014-11-28 15:50:57.13 CST",
					"updateDate" : "2014-11-28 15:50:57.13 CST",
					"id" : 284,
					"name" : "table插件",
					"resourceName" : "",
					"url" : "docs/stemplate/index/table.html",
					"parentId" : 282,
					"sequence" : 1,
					"level" : 2,
					"project" : "",
					"iconClass": "",
					"infoUrl": "",
					"type": "",
					"position": ""
				},{
					"createDate" : "2014-11-28 15:50:57.13 CST",
					"updateDate" : "2014-11-28 15:50:57.13 CST",
					"id" : 284,
					"name" : "Sparkline插件",
					"resourceName" : "",
					"url" : "docs/stemplate/index/sparkline.html",
					"parentId" : 282,
					"sequence" : 1,
					"level" : 2,
					"project" : "",
					"iconClass": "",
					"infoUrl": "",
					"type": "",
					"position": ""
				},{
					"createDate" : "2014-11-28 15:50:57.13 CST",
					"updateDate" : "2014-11-28 15:50:57.13 CST",
					"id" : 284,
					"name" : "统计插件",
					"resourceName" : "",
					"url" : "docs/stemplate/index/statistics.html",
					"parentId" : 282,
					"sequence" : 1,
					"level" : 2,
					"project" : "",
					"iconClass": "",
					"infoUrl": "",
					"type": "",
					"position": ""
				},{
					"createDate" : "2014-11-28 15:50:57.13 CST",
					"updateDate" : "2014-11-28 15:50:57.13 CST",
					"id" : 284,
					"name" : "Tab插件",
					"resourceName" : "",
					"url" : "docs/stemplate/index/tab.html",
					"parentId" : 282,
					"sequence" : 1,
					"level" : 2,
					"project" : "",
					"iconClass": "",
					"infoUrl": "",
					"type": "",
					"position": ""
				},{
					"createDate" : "2014-11-28 15:50:57.13 CST",
					"updateDate" : "2014-11-28 15:50:57.13 CST",
					"id" : 284,
					"name" : "Treeview",
					"resourceName" : "",
					"url" : "docs/stemplate/index/treeview.html",
					"parentId" : 282,
					"sequence" : 1,
					"level" : 2,
					"project" : "",
					"iconClass": "",
					"infoUrl": "",
					"type": "",
					"position": ""
				}],
		"sonMenuNum" : 3,
		"level" : 1,
		"project" : "",
		"iconClass": "fa fa-bar-chart-o ",
		"infoUrl":[{"label":"PV", "value": ""},{"label":"万","value":1260},{"label":"%","value":4.97},{"label":"","value":12345}],
		"type": "",
		"position": ""
	},{
		"createDate" : "2014-11-28 15:50:56.995 CST",
		"updateDate" : "2014-11-28 15:50:56.995 CST",
		"id" : 282,
		"name" : "CSS样式",
		"resourceName" : "",
		"url" : "",
		"parentId" : -1,
		"sequence" : 1,
		"children" : [{
					"createDate" : "2014-11-28 15:50:57.13 CST",
					"updateDate" : "2014-11-28 15:50:57.13 CST",
					"id" : 284,
					"name" : "排版",
					"resourceName" : "",
					"url" : "docs/stemplate/indexcss/Typography.html",
					"parentId" : 282,
					"sequence" : 1,
					"level" : 2,
					"project" : "",
					"iconClass": "",
					"infoUrl": "",
					"type": "",
					"position": ""
				},{
					"createDate" : "2014-11-28 15:50:57.13 CST",
					"updateDate" : "2014-11-28 15:50:57.13 CST",
					"id" : 284,
					"name" : "表单",
					"resourceName" : "",
					"url" : "docs/stemplate/indexcss/inputcss.html",
					"parentId" : 282,
					"sequence" : 1,
					"level" : 2,
					"project" : "",
					"iconClass": "",
					"infoUrl": "",
					"type": "",
					"position": ""
				},{
					"createDate" : "2014-11-28 15:50:57.13 CST",
					"updateDate" : "2014-11-28 15:50:57.13 CST",
					"id" : 284,
					"name" : "按钮",
					"resourceName" : "",
					"url" : "docs/stemplate/indexcss/Button.html",
					"parentId" : 282,
					"sequence" : 1,
					"level" : 2,
					"project" : "",
					"iconClass": "",
					"infoUrl": "",
					"type": "",
					"position": ""
				},{
					"createDate" : "2014-11-28 15:50:57.13 CST",
					"updateDate" : "2014-11-28 15:50:57.13 CST",
					"id" : 284,
					"name" : "表格",
					"resourceName" : "",
					"url" : "docs/stemplate/indexcss/tablecss.html",
					"parentId" : 282,
					"sequence" : 1,
					"level" : 2,
					"project" : "",
					"iconClass": "",
					"infoUrl": "",
					"type": "",
					"position": ""
				},{
					"createDate" : "2014-11-28 15:50:57.13 CST",
					"updateDate" : "2014-11-28 15:50:57.13 CST",
					"id" : 284,
					"name" : "窗口部件",
					"resourceName" : "",
					"url" : "docs/stemplate/indexcss/widgets.html",
					"parentId" : 282,
					"sequence" : 1,
					"level" : 2,
					"project" : "",
					"iconClass": "",
					"infoUrl": "",
					"type": "",
					"position": ""
				}],
		"sonMenuNum" : 3,
		"level" : 1,
		"project" : "",
		"iconClass": "fa fa-line-chart",
		"infoUrl":[{"label":"PV", "value": ""},{"label":"万","value":1260},{"label":"%","value":4.97},{"label":"","value":12345}],
		"type": "",
		"position": ""
	},{
		"createDate" : "2014-11-28 15:50:56.995 CST",
		"updateDate" : "2014-11-28 15:50:56.995 CST",
		"id" : 282,
		"name" : "文档",
		"resourceName" : "",
		"url" : "",
		"parentId" : -1,
		"sequence" : 1,
		"children" : [{
					"createDate" : "2014-11-28 15:50:57.13 CST",
					"updateDate" : "2014-11-28 15:50:57.13 CST",
					"id" : 284,
					"name" : "comboMenu",
					"resourceName" : "",
					"url" : "docs/stemplate/comboMenu/index.html",
					"parentId" : 282,
					"sequence" : 1,
					"level" : 2,
					"project" : "",
					"iconClass": "",
					"infoUrl": "",
					"type": "",
					"position": ""
				},{
					"createDate" : "2014-11-28 15:50:57.13 CST",
					"updateDate" : "2014-11-28 15:50:57.13 CST",
					"id" : 284,
					"name" : "标准化说明",
					"resourceName" : "",
					"url" : "docs/stemplate/comboMenu/norm.html",
					"parentId" : 282,
					"sequence" : 1,
					"level" : 2,
					"project" : "",
					"iconClass": "",
					"infoUrl": "",
					"type": "",
					"position": ""
				},{
					"createDate" : "2014-11-28 15:50:57.13 CST",
					"updateDate" : "2014-11-28 15:50:57.13 CST",
					"id" : 284,
					"name" : "案例一",
					"resourceName" : "",
					"url" : "docs/stemplate/comboMenu/anli1.html",
					"parentId" : 282,
					"sequence" : 1,
					"level" : 2,
					"project" : "",
					"iconClass": "",
					"infoUrl": "",
					"type": "",
					"position": ""
				}],
		"sonMenuNum" : 3,
		"level" : 1,
		"project" : "",
		"iconClass": "fa fa-area-chart",
		"infoUrl":[{"label":"PV", "value": ""},{"label":"万","value":1260},{"label":"%","value":4.97},{"label":"","value":12345}],
		"type": "",
		"position": ""
	}

]