[
	{
		"createDate" : "2014-11-28 15:50:56.995 CST",
		"updateDate" : "2014-11-28 15:50:56.995 CST",
		"id" : 282,
		"name" : "JS 插件",
		"resourceName" : "",
		"url" : "",
		"parentId" : -1,
		"sequence" : 1,
		"children" : [{
					"createDate" : "2014-11-28 15:50:57.13 CST",
					"updateDate" : "2014-11-28 15:50:57.13 CST",
					"id" : 284,
					"name" : "Input插件",
					"resourceName" : "",
					"url" : "docs/stemplate/index/input.html",
					"parentId" : 282,
					"sequence" : 1,
					"level" : 2,
					"project" : "",
					"iconClass": "",
					"infoUrl": "",
					"type": "",
					"position": ""
				},{
					"createDate" : "2014-11-28 15:50:57.13 CST",
					"updateDate" : "2014-11-28 15:50:57.13 CST",
					"id" : 284,
					"name" : "table插件",
					"resourceName" : "",
					"url" : "docs/stemplate/index/table.html",
					"parentId" : 282,
					"sequence" : 1,
					"level" : 2,
					"project" : "",
					"iconClass": "",
					"infoUrl": "",
					"type": "",
					"position": ""
				},{
					"createDate" : "2014-11-28 15:50:57.13 CST",
					"updateDate" : "2014-11-28 15:50:57.13 CST",
					"id" : 284,
					"name" : "统计插件",
					"resourceName" : "",
					"url" : "docs/stemplate/index/statistics.html",
					"parentId" : 282,
					"sequence" : 1,
					"level" : 2,
					"project" : "",
					"iconClass": "",
					"infoUrl": "",
					"type": "",
					"position": ""
				},{
					"createDate" : "2014-11-28 15:50:57.13 CST",
					"updateDate" : "2014-11-28 15:50:57.13 CST",
					"id" : 284,
					"name" : "Tab插件",
					"resourceName" : "",
					"url" : "docs/stemplate/index/tab.html",
					"parentId" : 282,
					"sequence" : 1,
					"level" : 2,
					"project" : "",
					"iconClass": "",
					"infoUrl": "",
					"type": "",
					"position": ""
				}],
		"sonMenuNum" : 3,
		"level" : 1,
		"project" : "",
		"iconClass": "fa fa-bar-chart-o ",
		"infoUrl": [[{"lable":"控件", "value": 100},{"lable":"种类","value":10}],{"lable":"**","value":1200}],
		"type": "low",
		"position": ""
	},{
		"createDate" : "2014-11-28 15:50:56.995 CST",
		"updateDate" : "2014-11-28 15:50:56.995 CST",
		"id" : 282,
		"name" : "css 样式",
		"resourceName" : "",
		"url" : "",
		"parentId" : -1,
		"sequence" : 1,
		"children" : [{
					"createDate" : "2014-11-28 15:50:57.13 CST",
					"updateDate" : "2014-11-28 15:50:57.13 CST",
					"id" : 284,
					"name" : "Input组件",
					"resourceName" : "",
					"url" : "/menus?new",
					"parentId" : 282,
					"sequence" : 1,
					"level" : 2,
					"project" : "",
					"iconClass": "",
					"infoUrl": "",
					"type": "",
					"position": ""
				},{
					"createDate" : "2014-11-28 15:50:57.13 CST",
					"updateDate" : "2014-11-28 15:50:57.13 CST",
					"id" : 284,
					"name" : "控件1",
					"resourceName" : "",
					"url" : "/menus?new",
					"parentId" : 282,
					"sequence" : 1,
					"level" : 2,
					"project" : "",
					"iconClass": "",
					"infoUrl": "",
					"type": "",
					"position": ""
				},{
					"createDate" : "2014-11-28 15:50:57.13 CST",
					"updateDate" : "2014-11-28 15:50:57.13 CST",
					"id" : 284,
					"name" : "控件2",
					"resourceName" : "",
					"url" : "#",
					"parentId" : 282,
					"sequence" : 1,
					"level" : 2,
					"project" : "",
					"iconClass": "",
					"infoUrl": "",
					"type": "",
					"position": ""
				},{
					"createDate" : "2014-11-28 15:50:57.13 CST",
					"updateDate" : "2014-11-28 15:50:57.13 CST",
					"id" : 284,
					"name" : "控件3",
					"resourceName" : "",
					"url" : "#",
					"parentId" : 282,
					"sequence" : 1,
					"level" : 2,
					"project" : "",
					"iconClass": "",
					"infoUrl": "",
					"type": "",
					"position": ""
				}],
		"sonMenuNum" : 3,
		"level" : 1,
		"project" : "",
		"iconClass": "fa fa-line-chart",
		"infoUrl": [[{"lable":"控件", "value": 100},{"lable":"种类","value":10}],{"lable":"**","value":1200}],
		"type": "low",
		"position": ""
	},{
		"createDate" : "2014-11-28 15:50:56.995 CST",
		"updateDate" : "2014-11-28 15:50:56.995 CST",
		"id" : 282,
		"name" : "文档",
		"resourceName" : "",
		"url" : "",
		"parentId" : -1,
		"sequence" : 1,
		"children" : [{
					"createDate" : "2014-11-28 15:50:57.13 CST",
					"updateDate" : "2014-11-28 15:50:57.13 CST",
					"id" : 284,
					"name" : "comboMenu",
					"resourceName" : "",
					"url" : "/menus?new",
					"parentId" : 282,
					"sequence" : 1,
					"level" : 2,
					"project" : "",
					"iconClass": "",
					"infoUrl": "",
					"type": "",
					"position": ""
				},{
					"createDate" : "2014-11-28 15:50:57.13 CST",
					"updateDate" : "2014-11-28 15:50:57.13 CST",
					"id" : 284,
					"name" : "控件1",
					"resourceName" : "",
					"url" : "#",
					"parentId" : 282,
					"sequence" : 1,
					"level" : 2,
					"project" : "",
					"iconClass": "",
					"infoUrl": "",
					"type": "",
					"position": ""
				},{
					"createDate" : "2014-11-28 15:50:57.13 CST",
					"updateDate" : "2014-11-28 15:50:57.13 CST",
					"id" : 284,
					"name" : "控件2",
					"resourceName" : "",
					"url" : "#",
					"parentId" : 282,
					"sequence" : 1,
					"level" : 2,
					"project" : "",
					"iconClass": "",
					"infoUrl": "",
					"type": "",
					"position": ""
				}],
		"sonMenuNum" : 3,
		"level" : 1,
		"project" : "",
		"iconClass": "fa fa-area-chart",
		"infoUrl": [[{"lable":"控件", "value": 100},{"lable":"种类","value":10}],{"lable":"**","value":1200}],
		"type": "low",
		"position": ""
	}

]