[
	{
		"createDate" : "2014-11-28 15:50:56.995 CST",
		"updateDate" : "2014-11-28 15:50:56.995 CST",
		"id" : 282,
		"name" : "JS 插件",
		"resourceName" : "",
		"url" : "",
		"parentId" : -1,
		"sequence" : 1,
		"children" : [],
		"sonMenuNum" : 3,
		"level" : 1,
		"project" : "",
		"iconClass": "fa fa-bar-chart-o ",
		"infoUrl": [[{"lable":"控件", "value": 100},{"lable":"种类","value":10}],{"lable":"**","value":1200}],
		"type": "",
		"position": ""
	},{
		"createDate" : "2014-11-28 15:50:56.995 CST",
		"updateDate" : "2014-11-28 15:50:56.995 CST",
		"id" : 282,
		"name" : "css 样式",
		"resourceName" : "",
		"url" : "",
		"parentId" : -1,
		"sequence" : 1,
		"children" : [],
		"sonMenuNum" : 3,
		"level" : 1,
		"project" : "",
		"iconClass": "fa fa-line-chart",
		"infoUrl": [[{"lable":"控件", "value": 100},{"lable":"种类","value":10}],{"lable":"**","value":1200}],
		"type": "",
		"position": ""
	},{
		"createDate" : "2014-11-28 15:50:56.995 CST",
		"updateDate" : "2014-11-28 15:50:56.995 CST",
		"id" : 282,
		"name" : "文档",
		"resourceName" : "",
		"url" : "",
		"parentId" : -1,
		"sequence" : 1,
		"children" : [],
		"sonMenuNum" : 3,
		"level" : 1,
		"project" : "",
		"iconClass": "fa fa-area-chart",
		"infoUrl": [[{"lable":"控件", "value": 100},{"lable":"种类","value":10}],{"lable":"**","value":1200}],
		"type": "",
		"position": ""
	}

]